timestamp_utc,commit_sha,panel,language,precision_pct,recall_pct,raw_precision_pct,raw_recall_pct,n_precision,n_recall,open_shapes,reference
2026-09-26T20:04:03Z,52167406e31ef1b4e6a8d91460c11b09ac16aaf4,imports,c,99.9,100.0,99.9,100.0,872,874,1,
2026-09-26T20:04:03Z,52167406e31ef1b4e6a8d91460c11b09ac16aaf4,imports,cpp,99.3,100.0,99.3,100.0,134,134,1,
2026-09-26T20:04:03Z,52167406e31ef1b4e6a8d91460c11b09ac16aaf4,imports,dart,100.0,100.0,100.0,100.0,703,744,0,
2026-09-26T20:04:03Z,52167406e31ef1b4e6a8d91460c11b09ac16aaf4,imports,go,90.9,90.9,90.9,90.9,11,11,2,
2026-09-26T20:04:03Z,52167406e31ef1b4e6a8d91460c11b09ac16aaf4,imports,haskell,100.0,100.0,100.0,100.0,138,139,0,
2026-09-26T20:04:03Z,52167406e31ef1b4e6a8d91460c11b09ac16aaf4,imports,java,100.0,100.0,100.0,100.0,1022,1085,0,
2026-09-26T20:04:03Z,52167406e31ef1b4e6a8d91460c11b09ac16aaf4,imports,javascript,100.0,100.0,100.0,100.0,57,63,0,
2026-09-26T20:04:03Z,52167406e31ef1b4e6a8d91460c11b09ac16aaf4,imports,kotlin,100.0,99.2,100.0,99.2,218,377,1,
2026-09-26T20:04:03Z,52167406e31ef1b4e6a8d91460c11b09ac16aaf4,imports,lua,100.0,99.2,100.0,99.2,351,354,1,
2026-09-26T20:04:03Z,52167406e31ef1b4e6a8d91460c11b09ac16aaf4,imports,objective-c,100.0,100.0,100.0,100.0,670,671,0,
2026-09-26T20:04:03Z,52167406e31ef1b4e6a8d91460c11b09ac16aaf4,imports,perl,97.9,100.0,97.9,100.0,47,49,1,
2026-09-26T20:04:03Z,52167406e31ef1b4e6a8d91460c11b09ac16aaf4,imports,php,99.2,100.0,99.2,100.0,380,390,1,
2026-09-26T20:04:03Z,52167406e31ef1b4e6a8d91460c11b09ac16aaf4,imports,python,99.9,100.0,99.9,100.0,1914,2099,2,
2026-09-26T20:04:03Z,52167406e31ef1b4e6a8d91460c11b09ac16aaf4,imports,ruby,99.6,99.6,99.6,99.6,239,239,2,
2026-09-26T20:04:03Z,52167406e31ef1b4e6a8d91460c11b09ac16aaf4,imports,rust,100.0,100.0,100.0,100.0,36,37,0,
2026-09-26T20:04:03Z,52167406e31ef1b4e6a8d91460c11b09ac16aaf4,imports,scala,98.8,94.8,98.8,94.8,488,521,6,
2026-09-26T20:04:03Z,52167406e31ef1b4e6a8d91460c11b09ac16aaf4,imports,shell,100.0,100.0,100.0,100.0,28,28,0,
2026-09-26T20:04:03Z,52167406e31ef1b4e6a8d91460c11b09ac16aaf4,imports,solidity,100.0,99.8,100.0,99.8,810,812,1,
2026-09-26T20:04:03Z,52167406e31ef1b4e6a8d91460c11b09ac16aaf4,imports,typescript,100.0,100.0,100.0,100.0,629,666,0,
2026-09-26T20:04:03Z,52167406e31ef1b4e6a8d91460c11b09ac16aaf4,imports,zig,100.0,100.0,100.0,100.0,263,272,0,
2026-09-26T20:04:03Z,52167406e31ef1b4e6a8d91460c11b09ac16aaf4,calls,c,99.3,99.3,99.3,99.3,13060,13058,20,
2026-09-26T20:04:03Z,52167406e31ef1b4e6a8d91460c11b09ac16aaf4,calls,cpp,96.5,99.3,96.5,99.3,7963,7735,36,
2026-09-26T20:04:03Z,52167406e31ef1b4e6a8d91460c11b09ac16aaf4,calls,csharp,99.2,99.8,99.2,99.8,2654,2637,3,
2026-09-26T20:04:03Z,52167406e31ef1b4e6a8d91460c11b09ac16aaf4,calls,go,99.9,99.6,99.9,99.6,6580,6604,5,
2026-09-26T20:04:03Z,52167406e31ef1b4e6a8d91460c11b09ac16aaf4,calls,java,100.0,98.2,100.0,98.2,1911,1946,1,
2026-09-26T20:04:03Z,52167406e31ef1b4e6a8d91460c11b09ac16aaf4,calls,javascript,97.3,97.5,97.3,97.5,2369,2365,12,
2026-09-26T20:04:03Z,52167406e31ef1b4e6a8d91460c11b09ac16aaf4,calls,php,99.7,98.8,99.7,98.8,6253,6309,18,
2026-09-26T20:04:03Z,52167406e31ef1b4e6a8d91460c11b09ac16aaf4,calls,python,99.6,99.2,99.6,99.2,11180,11230,9,
2026-09-26T20:04:03Z,52167406e31ef1b4e6a8d91460c11b09ac16aaf4,calls,ruby,100.0,93.8,100.0,93.8,969,1033,2,
2026-09-26T20:04:03Z,52167406e31ef1b4e6a8d91460c11b09ac16aaf4,calls,rust,96.6,99.9,96.6,99.9,7439,7194,8,
2026-09-26T20:04:03Z,52167406e31ef1b4e6a8d91460c11b09ac16aaf4,calls,typescript,99.6,97.2,99.6,97.2,6202,6356,11,
2026-09-26T20:04:03Z,52167406e31ef1b4e6a8d91460c11b09ac16aaf4,resolution,python,99.8,51.6,99.8,51.6,1806,3492,0,pyan3 2.8.1
2026-09-26T20:04:03Z,52167406e31ef1b4e6a8d91460c11b09ac16aaf4,resolution,typescript,99.9,57.1,99.9,57.1,1520,2661,0,tsc 6.0.2
2026-09-26T22:05:26Z,4e6b286c57ffef37540ea6a904a7454bb1028c93,imports,c,99.9,100.0,99.9,100.0,872,874,1,
2026-09-26T22:05:26Z,4e6b286c57ffef37540ea6a904a7454bb1028c93,imports,cpp,99.3,100.0,99.3,100.0,134,134,1,
2026-09-26T22:05:26Z,4e6b286c57ffef37540ea6a904a7454bb1028c93,imports,dart,100.0,100.0,100.0,100.0,703,744,0,
2026-09-26T22:05:26Z,4e6b286c57ffef37540ea6a904a7454bb1028c93,imports,go,90.9,90.9,90.9,90.9,11,11,2,
2026-09-26T22:05:26Z,4e6b286c57ffef37540ea6a904a7454bb1028c93,imports,haskell,100.0,100.0,100.0,100.0,138,139,0,
2026-09-26T22:05:26Z,4e6b286c57ffef37540ea6a904a7454bb1028c93,imports,java,100.0,100.0,100.0,100.0,1022,1085,0,
2026-09-26T22:05:26Z,4e6b286c57ffef37540ea6a904a7454bb1028c93,imports,javascript,100.0,100.0,100.0,100.0,57,63,0,
2026-09-26T22:05:26Z,4e6b286c57ffef37540ea6a904a7454bb1028c93,imports,kotlin,100.0,99.2,100.0,99.2,218,377,1,
2026-09-26T22:05:26Z,4e6b286c57ffef37540ea6a904a7454bb1028c93,imports,lua,100.0,99.2,100.0,99.2,351,354,1,
2026-09-26T22:05:26Z,4e6b286c57ffef37540ea6a904a7454bb1028c93,imports,objective-c,100.0,100.0,100.0,100.0,670,671,0,
2026-09-26T22:05:26Z,4e6b286c57ffef37540ea6a904a7454bb1028c93,imports,perl,97.9,100.0,97.9,100.0,47,49,1,
2026-09-26T22:05:26Z,4e6b286c57ffef37540ea6a904a7454bb1028c93,imports,php,99.2,100.0,99.2,100.0,380,390,1,
2026-09-26T22:05:26Z,4e6b286c57ffef37540ea6a904a7454bb1028c93,imports,python,99.9,100.0,99.9,100.0,1914,2099,2,
2026-09-26T22:05:26Z,4e6b286c57ffef37540ea6a904a7454bb1028c93,imports,ruby,99.6,99.6,99.6,99.6,239,239,2,
2026-09-26T22:05:26Z,4e6b286c57ffef37540ea6a904a7454bb1028c93,imports,rust,100.0,100.0,100.0,100.0,36,37,0,
2026-09-26T22:05:26Z,4e6b286c57ffef37540ea6a904a7454bb1028c93,imports,scala,98.8,94.8,98.8,94.8,488,521,6,
2026-09-26T22:05:26Z,4e6b286c57ffef37540ea6a904a7454bb1028c93,imports,shell,100.0,100.0,100.0,100.0,28,28,0,
2026-09-26T22:05:26Z,4e6b286c57ffef37540ea6a904a7454bb1028c93,imports,solidity,100.0,99.8,100.0,99.8,810,812,1,
2026-09-26T22:05:26Z,4e6b286c57ffef37540ea6a904a7454bb1028c93,imports,typescript,100.0,100.0,100.0,100.0,629,666,0,
2026-09-26T22:05:26Z,4e6b286c57ffef37540ea6a904a7454bb1028c93,imports,zig,100.0,100.0,100.0,100.0,263,272,0,
2026-09-26T22:05:26Z,4e6b286c57ffef37540ea6a904a7454bb1028c93,calls,c,99.3,99.3,99.3,99.3,13060,13058,20,
2026-09-26T22:05:26Z,4e6b286c57ffef37540ea6a904a7454bb1028c93,calls,cpp,96.5,99.3,96.5,99.3,7963,7735,36,
2026-09-26T22:05:26Z,4e6b286c57ffef37540ea6a904a7454bb1028c93,calls,csharp,99.2,99.8,99.2,99.8,2654,2637,3,
2026-09-26T22:05:26Z,4e6b286c57ffef37540ea6a904a7454bb1028c93,calls,go,99.9,99.6,99.9,99.6,6580,6604,5,
2026-09-26T22:05:26Z,4e6b286c57ffef37540ea6a904a7454bb1028c93,calls,java,100.0,98.2,100.0,98.2,1911,1946,1,
2026-09-26T22:05:26Z,4e6b286c57ffef37540ea6a904a7454bb1028c93,calls,javascript,97.3,97.5,97.3,97.5,2369,2365,12,
2026-09-26T22:05:26Z,4e6b286c57ffef37540ea6a904a7454bb1028c93,calls,php,99.7,98.8,99.7,98.8,6253,6309,18,
2026-09-26T22:05:26Z,4e6b286c57ffef37540ea6a904a7454bb1028c93,calls,python,99.6,99.2,99.6,99.2,11180,11230,9,
2026-09-26T22:05:26Z,4e6b286c57ffef37540ea6a904a7454bb1028c93,calls,ruby,100.0,93.8,100.0,93.8,969,1033,2,
2026-09-26T22:05:26Z,4e6b286c57ffef37540ea6a904a7454bb1028c93,calls,rust,96.6,99.9,96.6,99.9,7439,7194,8,
2026-09-26T22:05:26Z,4e6b286c57ffef37540ea6a904a7454bb1028c93,calls,typescript,99.6,97.2,99.6,97.2,6202,6356,11,
2026-09-26T22:05:26Z,4e6b286c57ffef37540ea6a904a7454bb1028c93,resolution,java,59.8,36.3,59.8,36.3,4778,7858,0,scip-java 0.12.3
2026-09-26T22:05:26Z,4e6b286c57ffef37540ea6a904a7454bb1028c93,resolution,python,99.8,51.6,99.8,51.6,1806,3492,0,pyan3 2.8.1
2026-09-26T22:05:26Z,4e6b286c57ffef37540ea6a904a7454bb1028c93,resolution,typescript,99.9,57.1,99.9,57.1,1520,2661,0,tsc 6.0.2
2026-09-26T22:36:22Z,d8e6270bf7ca23d6673d4978ac42143390be6a46,imports,c,99.9,100.0,99.9,100.0,872,874,1,
2026-09-26T22:36:22Z,d8e6270bf7ca23d6673d4978ac42143390be6a46,imports,cpp,99.3,100.0,99.3,100.0,134,134,1,
2026-09-26T22:36:22Z,d8e6270bf7ca23d6673d4978ac42143390be6a46,imports,dart,100.0,100.0,100.0,100.0,703,744,0,
2026-09-26T22:36:22Z,d8e6270bf7ca23d6673d4978ac42143390be6a46,imports,go,90.9,90.9,90.9,90.9,11,11,2,
2026-09-26T22:36:22Z,d8e6270bf7ca23d6673d4978ac42143390be6a46,imports,haskell,100.0,100.0,100.0,100.0,138,139,0,
2026-09-26T22:36:22Z,d8e6270bf7ca23d6673d4978ac42143390be6a46,imports,java,100.0,100.0,100.0,100.0,1022,1085,0,
2026-09-26T22:36:22Z,d8e6270bf7ca23d6673d4978ac42143390be6a46,imports,javascript,100.0,100.0,100.0,100.0,57,63,0,
2026-09-26T22:36:22Z,d8e6270bf7ca23d6673d4978ac42143390be6a46,imports,kotlin,100.0,99.2,100.0,99.2,218,377,1,
2026-09-26T22:36:22Z,d8e6270bf7ca23d6673d4978ac42143390be6a46,imports,lua,100.0,99.2,100.0,99.2,351,354,1,
2026-09-26T22:36:22Z,d8e6270bf7ca23d6673d4978ac42143390be6a46,imports,objective-c,100.0,100.0,100.0,100.0,670,671,0,
2026-09-26T22:36:22Z,d8e6270bf7ca23d6673d4978ac42143390be6a46,imports,perl,97.9,100.0,97.9,100.0,47,49,1,
2026-09-26T22:36:22Z,d8e6270bf7ca23d6673d4978ac42143390be6a46,imports,php,99.2,100.0,99.2,100.0,380,390,1,
2026-09-26T22:36:22Z,d8e6270bf7ca23d6673d4978ac42143390be6a46,imports,python,99.9,100.0,99.9,100.0,1914,2099,2,
2026-09-26T22:36:22Z,d8e6270bf7ca23d6673d4978ac42143390be6a46,imports,ruby,99.6,99.6,99.6,99.6,239,239,2,
2026-09-26T22:36:22Z,d8e6270bf7ca23d6673d4978ac42143390be6a46,imports,rust,100.0,100.0,100.0,100.0,36,37,0,
2026-09-26T22:36:22Z,d8e6270bf7ca23d6673d4978ac42143390be6a46,imports,scala,98.8,94.8,98.8,94.8,488,521,6,
2026-09-26T22:36:22Z,d8e6270bf7ca23d6673d4978ac42143390be6a46,imports,shell,100.0,100.0,100.0,100.0,28,28,0,
2026-09-26T22:36:22Z,d8e6270bf7ca23d6673d4978ac42143390be6a46,imports,solidity,100.0,99.8,100.0,99.8,810,812,1,
2026-09-26T22:36:22Z,d8e6270bf7ca23d6673d4978ac42143390be6a46,imports,typescript,100.0,100.0,100.0,100.0,629,666,0,
2026-09-26T22:36:22Z,d8e6270bf7ca23d6673d4978ac42143390be6a46,imports,zig,100.0,100.0,100.0,100.0,263,272,0,
2026-09-26T22:36:22Z,d8e6270bf7ca23d6673d4978ac42143390be6a46,calls,c,99.3,99.3,99.3,99.3,13060,13058,20,
2026-09-26T22:36:22Z,d8e6270bf7ca23d6673d4978ac42143390be6a46,calls,cpp,96.5,99.3,96.5,99.3,7963,7735,36,
2026-09-26T22:36:22Z,d8e6270bf7ca23d6673d4978ac42143390be6a46,calls,csharp,99.2,99.8,99.2,99.8,2654,2637,3,
2026-09-26T22:36:22Z,d8e6270bf7ca23d6673d4978ac42143390be6a46,calls,go,99.9,99.6,99.9,99.6,6580,6604,5,
2026-09-26T22:36:22Z,d8e6270bf7ca23d6673d4978ac42143390be6a46,calls,java,100.0,98.2,100.0,98.2,1911,1946,1,
2026-09-26T22:36:22Z,d8e6270bf7ca23d6673d4978ac42143390be6a46,calls,javascript,97.3,97.5,97.3,97.5,2369,2365,12,
2026-09-26T22:36:22Z,d8e6270bf7ca23d6673d4978ac42143390be6a46,calls,php,99.7,98.8,99.7,98.8,6253,6309,18,
2026-09-26T22:36:22Z,d8e6270bf7ca23d6673d4978ac42143390be6a46,calls,python,99.6,99.2,99.6,99.2,11180,11230,9,
2026-09-26T22:36:22Z,d8e6270bf7ca23d6673d4978ac42143390be6a46,calls,ruby,100.0,93.8,100.0,93.8,969,1033,2,
2026-09-26T22:36:22Z,d8e6270bf7ca23d6673d4978ac42143390be6a46,calls,rust,96.6,99.9,96.6,99.9,7439,7194,8,
2026-09-26T22:36:22Z,d8e6270bf7ca23d6673d4978ac42143390be6a46,calls,typescript,99.6,97.2,99.6,97.2,6202,6356,11,
2026-09-26T22:36:22Z,d8e6270bf7ca23d6673d4978ac42143390be6a46,resolution,java,92.7,41.0,92.7,41.0,3474,7858,0,scip-java 0.12.3
2026-09-26T22:36:22Z,d8e6270bf7ca23d6673d4978ac42143390be6a46,resolution,python,99.8,51.6,99.8,51.6,1806,3492,0,pyan3 2.8.1
2026-09-26T22:36:22Z,d8e6270bf7ca23d6673d4978ac42143390be6a46,resolution,typescript,99.9,57.1,99.9,57.1,1520,2661,0,tsc 6.0.2
2026-10-02T16:34:55Z,01ff0db204bd4bd5acefef8b6e1490504c487b72,imports,c,99.9,100.0,99.9,100.0,872,874,1,
2026-10-02T16:34:55Z,01ff0db204bd4bd5acefef8b6e1490504c487b72,imports,cpp,99.3,100.0,99.3,100.0,134,134,1,
2026-10-02T16:34:55Z,01ff0db204bd4bd5acefef8b6e1490504c487b72,imports,dart,100.0,100.0,100.0,100.0,703,744,0,
2026-10-02T16:34:55Z,01ff0db204bd4bd5acefef8b6e1490504c487b72,imports,go,90.9,90.9,90.9,90.9,11,11,2,
2026-10-02T16:34:55Z,01ff0db204bd4bd5acefef8b6e1490504c487b72,imports,haskell,100.0,100.0,100.0,100.0,138,139,0,
2026-10-02T16:34:55Z,01ff0db204bd4bd5acefef8b6e1490504c487b72,imports,java,100.0,100.0,100.0,100.0,1022,1085,0,
2026-10-02T16:34:55Z,01ff0db204bd4bd5acefef8b6e1490504c487b72,imports,javascript,100.0,100.0,100.0,100.0,57,63,0,
2026-10-02T16:34:55Z,01ff0db204bd4bd5acefef8b6e1490504c487b72,imports,kotlin,100.0,99.2,100.0,99.2,218,377,1,
2026-10-02T16:34:55Z,01ff0db204bd4bd5acefef8b6e1490504c487b72,imports,lua,100.0,99.2,100.0,99.2,351,354,1,
2026-10-02T16:34:55Z,01ff0db204bd4bd5acefef8b6e1490504c487b72,imports,objective-c,100.0,100.0,100.0,100.0,670,671,0,
2026-10-02T16:34:55Z,01ff0db204bd4bd5acefef8b6e1490504c487b72,imports,perl,97.9,100.0,97.9,100.0,47,49,1,
2026-10-02T16:34:55Z,01ff0db204bd4bd5acefef8b6e1490504c487b72,imports,php,99.2,100.0,99.2,100.0,380,390,1,
2026-10-02T16:34:55Z,01ff0db204bd4bd5acefef8b6e1490504c487b72,imports,python,99.9,100.0,99.9,100.0,1914,2099,2,
2026-10-02T16:34:55Z,01ff0db204bd4bd5acefef8b6e1490504c487b72,imports,ruby,99.6,99.6,99.6,99.6,239,239,2,
2026-10-02T16:34:55Z,01ff0db204bd4bd5acefef8b6e1490504c487b72,imports,rust,100.0,100.0,100.0,100.0,36,37,0,
2026-10-02T16:34:55Z,01ff0db204bd4bd5acefef8b6e1490504c487b72,imports,scala,100.0,98.3,100.0,98.3,502,529,0,
2026-10-02T16:34:55Z,01ff0db204bd4bd5acefef8b6e1490504c487b72,imports,shell,100.0,100.0,100.0,100.0,28,28,0,
2026-10-02T16:34:55Z,01ff0db204bd4bd5acefef8b6e1490504c487b72,imports,solidity,100.0,99.8,100.0,99.8,810,812,1,
2026-10-02T16:34:55Z,01ff0db204bd4bd5acefef8b6e1490504c487b72,imports,typescript,100.0,100.0,100.0,100.0,629,666,0,
2026-10-02T16:34:55Z,01ff0db204bd4bd5acefef8b6e1490504c487b72,imports,zig,100.0,100.0,100.0,100.0,263,272,0,
2026-10-02T16:34:55Z,01ff0db204bd4bd5acefef8b6e1490504c487b72,calls,c,99.3,99.3,99.3,99.3,13060,13058,20,
2026-10-02T16:34:55Z,01ff0db204bd4bd5acefef8b6e1490504c487b72,calls,cpp,96.5,99.3,96.5,99.3,7963,7735,36,
2026-10-02T16:34:55Z,01ff0db204bd4bd5acefef8b6e1490504c487b72,calls,csharp,99.2,99.8,99.2,99.8,2654,2637,3,
2026-10-02T16:34:55Z,01ff0db204bd4bd5acefef8b6e1490504c487b72,calls,go,99.9,99.6,99.9,99.6,6580,6604,5,
2026-10-02T16:34:55Z,01ff0db204bd4bd5acefef8b6e1490504c487b72,calls,java,100.0,98.2,100.0,98.2,1911,1946,1,
2026-10-02T16:34:55Z,01ff0db204bd4bd5acefef8b6e1490504c487b72,calls,javascript,97.3,97.5,97.3,97.5,2369,2365,12,
2026-10-02T16:34:55Z,01ff0db204bd4bd5acefef8b6e1490504c487b72,calls,php,99.7,98.8,99.7,98.8,6253,6309,18,
2026-10-02T16:34:55Z,01ff0db204bd4bd5acefef8b6e1490504c487b72,calls,python,99.6,99.2,99.6,99.2,11180,11230,9,
2026-10-02T16:34:55Z,01ff0db204bd4bd5acefef8b6e1490504c487b72,calls,ruby,100.0,93.8,100.0,93.8,969,1033,2,
2026-10-02T16:34:55Z,01ff0db204bd4bd5acefef8b6e1490504c487b72,calls,rust,96.6,99.9,96.6,99.9,7439,7194,8,
2026-10-02T16:34:55Z,01ff0db204bd4bd5acefef8b6e1490504c487b72,calls,typescript,99.6,97.2,99.6,97.2,6202,6356,11,
2026-10-02T16:34:55Z,01ff0db204bd4bd5acefef8b6e1490504c487b72,resolution,java,92.7,41.0,92.7,41.0,3474,7858,0,scip-java 0.12.3
2026-10-02T16:34:55Z,01ff0db204bd4bd5acefef8b6e1490504c487b72,resolution,python,99.8,51.6,99.8,51.6,1806,3492,0,pyan3 2.8.1
2026-10-02T16:34:55Z,01ff0db204bd4bd5acefef8b6e1490504c487b72,resolution,typescript,99.9,57.1,99.9,57.1,1520,2661,0,tsc 6.0.2
2026-10-02T16:58:08Z,4b0beeaa29c0fb9543619f15c27b7f3981a5a725,imports,c,99.9,100.0,99.9,100.0,872,874,1,
2026-10-02T16:58:08Z,4b0beeaa29c0fb9543619f15c27b7f3981a5a725,imports,cpp,99.3,100.0,99.3,100.0,134,134,1,
2026-10-02T16:58:08Z,4b0beeaa29c0fb9543619f15c27b7f3981a5a725,imports,dart,100.0,100.0,100.0,100.0,703,744,0,
2026-10-02T16:58:08Z,4b0beeaa29c0fb9543619f15c27b7f3981a5a725,imports,go,90.9,90.9,90.9,90.9,11,11,2,
2026-10-02T16:58:08Z,4b0beeaa29c0fb9543619f15c27b7f3981a5a725,imports,haskell,100.0,100.0,100.0,100.0,138,139,0,
2026-10-02T16:58:08Z,4b0beeaa29c0fb9543619f15c27b7f3981a5a725,imports,java,100.0,100.0,100.0,100.0,1022,1085,0,
2026-10-02T16:58:08Z,4b0beeaa29c0fb9543619f15c27b7f3981a5a725,imports,javascript,100.0,100.0,100.0,100.0,57,63,0,
2026-10-02T16:58:08Z,4b0beeaa29c0fb9543619f15c27b7f3981a5a725,imports,kotlin,100.0,99.2,100.0,99.2,218,377,1,
2026-10-02T16:58:08Z,4b0beeaa29c0fb9543619f15c27b7f3981a5a725,imports,lua,100.0,99.2,100.0,99.2,351,354,1,
2026-10-02T16:58:08Z,4b0beeaa29c0fb9543619f15c27b7f3981a5a725,imports,objective-c,100.0,100.0,100.0,100.0,670,671,0,
2026-10-02T16:58:08Z,4b0beeaa29c0fb9543619f15c27b7f3981a5a725,imports,perl,97.9,100.0,97.9,100.0,47,49,1,
2026-10-02T16:58:08Z,4b0beeaa29c0fb9543619f15c27b7f3981a5a725,imports,php,99.2,100.0,99.2,100.0,380,390,1,
2026-10-02T16:58:08Z,4b0beeaa29c0fb9543619f15c27b7f3981a5a725,imports,python,99.9,100.0,99.9,100.0,1914,2099,2,
2026-10-02T16:58:08Z,4b0beeaa29c0fb9543619f15c27b7f3981a5a725,imports,ruby,99.6,99.6,99.6,99.6,239,239,2,
2026-10-02T16:58:08Z,4b0beeaa29c0fb9543619f15c27b7f3981a5a725,imports,rust,100.0,100.0,100.0,100.0,36,37,0,
2026-10-02T16:58:08Z,4b0beeaa29c0fb9543619f15c27b7f3981a5a725,imports,scala,100.0,98.3,100.0,98.3,502,529,0,
2026-10-02T16:58:08Z,4b0beeaa29c0fb9543619f15c27b7f3981a5a725,imports,shell,100.0,100.0,100.0,100.0,28,28,0,
2026-10-02T16:58:08Z,4b0beeaa29c0fb9543619f15c27b7f3981a5a725,imports,solidity,100.0,99.8,100.0,99.8,810,812,1,
2026-10-02T16:58:08Z,4b0beeaa29c0fb9543619f15c27b7f3981a5a725,imports,typescript,100.0,100.0,100.0,100.0,629,666,0,
2026-10-02T16:58:08Z,4b0beeaa29c0fb9543619f15c27b7f3981a5a725,imports,zig,100.0,100.0,100.0,100.0,263,272,0,
2026-10-02T16:58:08Z,4b0beeaa29c0fb9543619f15c27b7f3981a5a725,calls,c,99.3,99.3,99.3,99.3,13060,13058,20,
2026-10-02T16:58:08Z,4b0beeaa29c0fb9543619f15c27b7f3981a5a725,calls,cpp,96.5,99.3,96.5,99.3,7963,7735,36,
2026-10-02T16:58:08Z,4b0beeaa29c0fb9543619f15c27b7f3981a5a725,calls,csharp,99.2,99.8,99.2,99.8,2654,2637,3,
2026-10-02T16:58:08Z,4b0beeaa29c0fb9543619f15c27b7f3981a5a725,calls,go,99.9,99.6,99.9,99.6,6580,6604,5,
2026-10-02T16:58:08Z,4b0beeaa29c0fb9543619f15c27b7f3981a5a725,calls,java,100.0,98.2,100.0,98.2,1911,1946,1,
2026-10-02T16:58:08Z,4b0beeaa29c0fb9543619f15c27b7f3981a5a725,calls,javascript,97.3,97.5,97.3,97.5,2369,2365,12,
2026-10-02T16:58:08Z,4b0beeaa29c0fb9543619f15c27b7f3981a5a725,calls,php,99.7,98.8,99.7,98.8,6253,6309,18,
2026-10-02T16:58:08Z,4b0beeaa29c0fb9543619f15c27b7f3981a5a725,calls,python,99.6,99.2,99.6,99.2,11180,11230,9,
2026-10-02T16:58:08Z,4b0beeaa29c0fb9543619f15c27b7f3981a5a725,calls,ruby,100.0,93.8,100.0,93.8,969,1033,2,
2026-10-02T16:58:08Z,4b0beeaa29c0fb9543619f15c27b7f3981a5a725,calls,rust,96.6,99.9,96.6,99.9,7439,7194,8,
2026-10-02T16:58:08Z,4b0beeaa29c0fb9543619f15c27b7f3981a5a725,calls,typescript,99.6,97.2,99.6,97.2,6202,6356,11,
2026-10-02T16:58:08Z,4b0beeaa29c0fb9543619f15c27b7f3981a5a725,resolution,java,99.4,60.0,99.4,60.0,4747,7858,0,scip-java 0.12.3
2026-10-02T16:58:08Z,4b0beeaa29c0fb9543619f15c27b7f3981a5a725,resolution,python,99.8,51.6,99.8,51.6,1806,3492,0,pyan3 2.8.1
2026-10-02T16:58:08Z,4b0beeaa29c0fb9543619f15c27b7f3981a5a725,resolution,typescript,99.9,57.1,99.9,57.1,1520,2661,0,tsc 6.0.2
